pl,pp,tg,decode_s,decode_tok_s,decode_profile_s,q1_matmul_pct,attention_pct,other_pct,q1_matmul_s,attention_s,other_s,top_other
1,0,32,0.812739,39.373,0.803747,91.00,1.53,7.47,0.731405,0.012301,0.060041,MUL:f32:0.0202s;ADD:f32:0.0141s;GLU:f32:0.0094s;ROPE:f32:0.0069s
1,128,32,0.945383,33.849,0.908618,89.37,5.49,5.14,0.812029,0.049875,0.046714,ADD:f32:0.0160s;GLU:f32:0.0088s;GET_ROWS:q1_0:0.0082s;ROPE:f32:0.0061s
1,512,32,3.789051,8.445,5.039734,54.71,15.73,29.56,2.757461,0.792516,1.489757,MUL:f32:0.5131s;ADD:f32:0.3150s;SET_ROWS:f32:0.3043s;ROPE:f32:0.1578s
1,2048,32,1.185211,26.999,1.099057,57.38,41.25,1.37,0.630618,0.453409,0.015030,GET_ROWS:q1_0:0.0076s;GLU:f32:0.0058s;GET_ROWS:f32:0.0017s
1,4096,32,1.300883,24.599,0.493218,99.97,0.00,0.03,0.493094,0.000000,0.000124,GET_ROWS:f32:0.0001s
1,8192,32,2.331466,13.725,7.312560,13.71,81.15,5.14,1.002798,5.933821,0.375941,MUL:f32:0.1353s;ADD:f32:0.1187s;SET_ROWS:f32:0.0922s;ROPE:f32:0.0179s
1,16384,32,4.617331,6.930,0.350410,99.97,0.00,0.03,0.350291,0.000000,0.000119,GET_ROWS:f32:0.0001s
1,32768,32,1476.553101,0.022,50830.474954,3.40,94.74,1.86,1730.412161,48156.010729,944.052064,MUL:f32:931.9538s;SET_ROWS:f32:4.2318s;ADD:f32:3.3199s;ROPE:f32:3.2644s
