pl,pp,prefill_s,prefill_tok_s,profile_s,q1_matmul_s,q1_matmul_pct,attention_s,attention_pct,other_s,other_pct,q1_groups,weight_apps,speedup_if_q1_10x,speedup_if_q1_100x,verdict
1,128,0.523628,244.448,0.485831,0.428688,88.24,0.023783,4.90,0.033360,6.87,1374259024,175905155072,4.86,7.91,strong Q1-prefill target
1,512,1.255132,407.925,1.220918,0.998074,81.75,0.155106,12.70,0.067738,5.55,5488871248,702575519744,3.78,5.24,strong Q1-prefill target
1,2048,5.958844,343.691,5.837511,3.733723,63.96,1.852855,31.74,0.250933,4.30,21947320144,2809256978432,2.36,2.73,mixed; Q1 helps but attention also matters
1,4096,15.214401,269.219,14.954671,7.456269,49.86,7.017803,46.93,0.480599,3.21,43891918672,5618165590016,1.81,1.97,mixed; Q1 helps but attention also matters
1,8192,52.634304,155.640,51.129772,16.017358,31.33,32.267908,63.11,2.844506,5.56,87781115728,11235982813184,1.39,1.45,attention/memory co-bottleneck
1,16384,150.835052,108.622,149.695251,30.125928,20.12,116.995145,78.16,2.574178,1.72,175559509840,22471617259520,1.22,1.25,attention/memory co-bottleneck
1,32768,584.057190,56.104,580.395741,62.093535,10.70,510.800504,88.01,7.501702,1.29,351116298064,44942886152192,1.11,1.12,attention/memory co-bottleneck
