pl,pp,prefill_s,prefill_tok_s,profile_s,q1_matmul_s,q1_matmul_pct,attention_s,attention_pct,other_s,other_pct,q1_groups,weight_apps,speedup_if_q1_10x,speedup_if_q1_100x,verdict
1,128,0.599773,213.414,0.555828,0.462259,83.17,0.026453,4.76,0.067116,12.07,1374259024,175905155072,3.98,5.66,strong Q1-prefill target
1,512,1.525293,335.673,1.443249,1.094098,75.81,0.180675,12.52,0.168476,11.67,5488871248,702575519744,3.15,4.01,strong Q1-prefill target
1,2048,6.919992,295.954,6.635367,4.001028,60.30,1.997231,30.10,0.637108,9.60,21947320144,2809256978432,2.19,2.48,mixed; Q1 helps but attention also matters
1,4096,18.849281,217.303,18.228446,7.889238,43.28,9.182742,50.38,1.156466,6.34,43891918672,5618165590016,1.64,1.75,attention/memory co-bottleneck
1,8192,46.357941,176.712,45.652884,15.165399,33.22,29.096550,63.73,1.390935,3.05,87781115728,11235982813184,1.43,1.49,attention/memory co-bottleneck
1,16384,292.938934,55.930,280.769414,43.276571,15.41,217.459658,77.45,20.033185,7.14,175559509840,22471617259520,1.16,1.18,attention/memory co-bottleneck
1,32768,584.057190,56.104,580.395741,62.093535,10.70,510.800504,88.01,7.501702,1.29,351116298064,44942886152192,1.11,1.12,attention/memory co-bottleneck
