pl,pp,tg,decode_s,decode_tok_s,decode_profile_s,q1_matmul_pct,attention_pct,other_pct,q1_matmul_s,attention_s,other_s,top_other
1,0,128,2.022849,63.277,1.991303,93.03,2.80,4.17,1.852528,0.055679,0.083096,MUL:f32:0.0331s;GLU:f32:0.0140s;ROPE:f32:0.0123s;SET_ROWS:f32:0.0095s
1,128,128,2.025223,63.203,1.968600,90.66,6.49,2.85,1.784805,0.127734,0.056061,MUL:f32:0.0156s;GLU:f32:0.0126s;ROPE:f32:0.0095s;SET_ROWS:f32:0.0073s
1,512,128,2.664108,48.046,2.853417,75.61,15.51,8.87,2.157609,0.442571,0.253237,MUL:f32:0.0944s;ADD:f32:0.0798s;SET_ROWS:f32:0.0264s;GLU:f32:0.0214s
1,2048,128,3.642493,35.141,3.632271,54.94,42.44,2.61,1.995709,1.541597,0.094965,MUL:f32:0.0387s;GLU:f32:0.0197s;ROPE:f32:0.0168s;ADD:f32:0.0085s
1,4096,128,9.040177,14.159,11.160439,37.50,50.48,12.02,4.184887,5.633976,1.341576,MUL:f32:0.5322s;ADD:f32:0.2748s;GLU:f32:0.2314s;SET_ROWS:f32:0.1582s
1,8192,128,11.353954,11.274,7.366508,34.79,64.87,0.34,2.562740,4.778371,0.025397,GET_ROWS:q1_0:0.0129s;GLU:f32:0.0066s;GET_ROWS:f32:0.0037s;CPY:f32:0.0022s
1,16384,128,23.582003,5.428,31.255038,12.30,82.87,4.83,3.844470,25.901130,1.509438,MUL:f32:0.6184s;ADD:f32:0.5173s;SET_ROWS:f32:0.1341s;ROPE:f32:0.1149s
1,32768,32,1476.553101,0.022,50830.474954,3.40,94.74,1.86,1730.412161,48156.010729,944.052064,MUL:f32:931.9538s;SET_ROWS:f32:4.2318s;ADD:f32:3.3199s;ROPE:f32:3.2644s
